{
  "eval_loss": 0.4406035542488098,
  "eval_accuracy": 0.7762641422304317,
  "eval_precision": 0.7309236947791165,
  "eval_recall": 0.7181510710259301,
  "eval_f1": 0.724481091839636,
  "eval_runtime": 6.189,
  "eval_samples_per_second": 699.784,
  "eval_steps_per_second": 21.974,
  "epoch": 3.0
}